Area,Area_URL
Computer Vision,https://paperswithcode.com/area/computer-vision
Natural Language Processing,https://paperswithcode.com/area/natural-language-processing
Medical,https://paperswithcode.com/area/medical
Miscellaneous,https://paperswithcode.com/area/miscellaneous
Methodology,https://paperswithcode.com/area/methodology
Time Series,https://paperswithcode.com/area/time-series
Graphs,https://paperswithcode.com/area/graphs
Speech,https://paperswithcode.com/area/speech
Audio,https://paperswithcode.com/area/audio
Reasoning,https://paperswithcode.com/area/reasoning
Computer Code,https://paperswithcode.com/area/computer-code
Adversarial,https://paperswithcode.com/area/adversarial
Playing Games,https://paperswithcode.com/area/playing-games
Robots,https://paperswithcode.com/area/robots
Knowledge Base,https://paperswithcode.com/area/knowledge-base
Music,https://paperswithcode.com/area/music
